timestamp,ip_address,username,status
2026-01-21 10:40:08.449547,127.0.0.1,admin,FAILED
2026-01-21 10:40:08.567006,127.0.0.1,admin,FAILED
2026-01-21 10:40:08.677958,127.0.0.1,admin,FAILED
2026-01-21 10:40:08.788952,127.0.0.1,admin,FAILED
2026-01-21 10:40:08.897464,127.0.0.1,admin,FAILED
2026-01-21 10:40:09.011219,127.0.0.1,admin,FAILED
2026-01-21 10:40:09.122802,127.0.0.1,admin,FAILED
2026-01-21 10:40:09.235571,127.0.0.1,admin,FAILED
2026-01-21 10:40:09.340028,127.0.0.1,admin,FAILED
2026-01-21 10:40:09.452512,127.0.0.1,admin,FAILED
2026-01-21 10:40:09.567631,127.0.0.1,admin,FAILED
2026-01-21 10:40:09.674163,127.0.0.1,admin,FAILED
2026-01-21 10:40:09.781249,127.0.0.1,admin,FAILED
2026-01-21 10:40:09.885718,127.0.0.1,admin,FAILED
2026-01-21 10:40:09.989857,127.0.0.1,admin,FAILED
2026-01-21 10:40:10.094438,127.0.0.1,admin,FAILED
2026-01-21 10:40:10.203899,127.0.0.1,admin,FAILED
2026-01-21 10:40:10.312280,127.0.0.1,admin,FAILED
2026-01-21 10:40:10.447598,127.0.0.1,admin,FAILED
2026-01-21 10:40:10.557668,127.0.0.1,admin,FAILED
2026-01-21 10:40:10.667511,127.0.0.1,admin,FAILED
2026-01-21 10:40:10.781897,127.0.0.1,admin,FAILED
2026-01-21 10:40:10.889228,127.0.0.1,admin,FAILED
2026-01-21 10:40:10.995014,127.0.0.1,admin,FAILED
2026-01-21 10:40:11.107696,127.0.0.1,admin,FAILED
2026-01-21 10:40:11.211670,127.0.0.1,admin,FAILED
2026-01-21 10:40:11.328465,127.0.0.1,admin,FAILED
2026-01-21 10:40:11.438546,127.0.0.1,admin,FAILED
2026-01-21 10:40:11.546883,127.0.0.1,admin,FAILED
2026-01-21 10:40:11.654566,127.0.0.1,admin,FAILED
2026-01-21 10:40:11.762925,127.0.0.1,admin,FAILED
2026-01-21 10:40:11.880195,127.0.0.1,admin,FAILED
2026-01-21 10:40:11.986286,127.0.0.1,admin,FAILED
2026-01-21 10:40:12.090896,127.0.0.1,admin,FAILED
2026-01-21 10:40:12.198520,127.0.0.1,admin,FAILED
2026-01-21 10:40:12.310229,127.0.0.1,admin,FAILED
2026-01-21 10:40:12.416930,127.0.0.1,admin,FAILED
2026-01-21 10:40:12.525848,127.0.0.1,admin,FAILED
2026-01-21 10:40:12.636795,127.0.0.1,admin,FAILED
2026-01-21 10:40:12.743099,127.0.0.1,admin,FAILED
2026-01-21 10:40:12.859866,127.0.0.1,admin,FAILED
2026-01-21 10:40:12.973112,127.0.0.1,admin,FAILED
2026-01-21 10:40:13.078280,127.0.0.1,admin,FAILED
2026-01-21 10:40:13.184164,127.0.0.1,admin,FAILED
2026-01-21 10:40:13.291794,127.0.0.1,admin,FAILED
2026-01-21 10:40:13.408678,127.0.0.1,admin,FAILED
2026-01-21 10:40:13.519355,127.0.0.1,admin,FAILED
2026-01-21 10:40:13.629272,127.0.0.1,admin,FAILED
2026-01-21 10:40:13.741243,127.0.0.1,admin,FAILED
2026-01-21 10:40:13.847008,127.0.0.1,admin,FAILED
2026-01-21 10:40:13.957675,127.0.0.1,admin,FAILED
2026-01-21 10:40:14.070385,127.0.0.1,admin,FAILED
2026-01-21 10:40:14.183129,127.0.0.1,admin,FAILED
2026-01-21 10:40:14.291528,127.0.0.1,admin,FAILED
2026-01-21 10:40:14.396896,127.0.0.1,admin,FAILED
2026-01-21 10:40:14.507160,127.0.0.1,admin,FAILED
2026-01-21 10:40:14.647599,127.0.0.1,admin,FAILED
2026-01-21 10:40:14.760196,127.0.0.1,admin,FAILED
2026-01-21 10:40:14.875156,127.0.0.1,admin,FAILED
2026-01-21 10:40:14.981087,127.0.0.1,admin,FAILED
2026-01-21 10:40:15.085927,127.0.0.1,admin,FAILED
2026-01-21 10:40:15.189806,127.0.0.1,admin,FAILED
2026-01-21 10:40:15.298043,127.0.0.1,admin,FAILED
2026-01-21 10:40:15.412433,127.0.0.1,admin,FAILED
2026-01-21 10:40:15.530968,127.0.0.1,admin,FAILED
2026-01-21 10:40:15.639554,127.0.0.1,admin,FAILED
2026-01-21 10:40:15.753075,127.0.0.1,admin,FAILED
2026-01-21 10:40:15.907870,127.0.0.1,admin,FAILED
2026-01-21 10:40:16.014817,127.0.0.1,admin,FAILED
2026-01-21 10:40:16.133526,127.0.0.1,admin,FAILED
2026-01-21 10:40:16.244213,127.0.0.1,admin,FAILED
2026-01-21 10:40:16.355938,127.0.0.1,admin,FAILED
2026-01-21 10:40:16.465222,127.0.0.1,admin,FAILED
2026-01-21 10:40:16.575832,127.0.0.1,admin,FAILED
2026-01-21 10:40:16.689380,127.0.0.1,admin,FAILED
2026-01-21 10:40:16.802167,127.0.0.1,admin,FAILED
2026-01-21 10:40:16.909711,127.0.0.1,admin,FAILED
2026-01-21 10:40:17.029206,127.0.0.1,admin,FAILED
2026-01-21 10:40:17.137435,127.0.0.1,admin,FAILED
2026-01-21 10:40:17.252692,127.0.0.1,admin,FAILED
2026-01-21 10:40:17.363842,127.0.0.1,admin,FAILED
2026-01-21 10:40:17.472627,127.0.0.1,admin,FAILED
2026-01-21 10:40:17.583110,127.0.0.1,admin,FAILED
2026-01-21 10:40:17.686493,127.0.0.1,admin,FAILED
2026-01-21 10:40:17.799227,127.0.0.1,admin,FAILED
2026-01-21 10:40:17.911469,127.0.0.1,admin,FAILED
2026-01-21 10:40:18.016540,127.0.0.1,admin,FAILED
2026-01-21 10:40:18.126316,127.0.0.1,admin,FAILED
2026-01-21 10:40:18.232019,127.0.0.1,admin,FAILED
2026-01-21 10:40:18.347613,127.0.0.1,admin,FAILED
2026-01-21 10:40:18.457955,127.0.0.1,admin,FAILED
2026-01-21 10:40:18.568683,127.0.0.1,admin,FAILED
2026-01-21 10:40:18.680289,127.0.0.1,admin,FAILED
2026-01-21 10:40:18.798635,127.0.0.1,admin,FAILED
2026-01-21 10:40:18.903308,127.0.0.1,admin,FAILED
2026-01-21 10:40:19.016112,127.0.0.1,admin,FAILED
2026-01-21 10:40:19.126848,127.0.0.1,admin,FAILED
2026-01-21 10:40:19.243765,127.0.0.1,admin,FAILED
2026-01-21 10:40:19.355882,127.0.0.1,admin,FAILED
2026-01-21 10:40:19.469049,127.0.0.1,admin,FAILED
2026-01-21 10:40:19.576388,127.0.0.1,admin,FAILED
2026-01-21 10:40:19.679392,127.0.0.1,admin,FAILED
2026-01-21 10:40:19.783855,127.0.0.1,admin,FAILED
2026-01-21 10:40:19.902736,127.0.0.1,admin,FAILED
2026-01-21 10:40:20.013814,127.0.0.1,admin,FAILED
2026-01-21 10:40:20.123335,127.0.0.1,admin,FAILED
2026-01-21 10:40:20.225884,127.0.0.1,admin,FAILED
2026-01-21 10:40:20.335153,127.0.0.1,admin,FAILED
2026-01-21 10:40:20.449811,127.0.0.1,admin,FAILED
2026-01-21 10:40:20.557670,127.0.0.1,admin,FAILED
2026-01-21 10:40:20.660240,127.0.0.1,admin,FAILED
2026-01-21 10:40:20.765603,127.0.0.1,admin,FAILED
2026-01-21 10:40:20.878009,127.0.0.1,admin,FAILED
2026-01-21 10:40:20.987495,127.0.0.1,admin,FAILED
2026-01-21 10:40:21.099388,127.0.0.1,admin,FAILED
2026-01-21 10:40:21.206661,127.0.0.1,admin,FAILED
2026-01-21 10:40:21.359100,127.0.0.1,admin,FAILED
2026-01-21 10:40:21.463567,127.0.0.1,admin,FAILED
2026-01-21 10:40:21.565606,127.0.0.1,admin,FAILED
2026-01-21 10:40:21.669559,127.0.0.1,admin,FAILED
2026-01-21 10:40:21.780981,127.0.0.1,admin,FAILED
2026-01-21 10:40:21.884971,127.0.0.1,admin,FAILED
2026-01-21 10:40:21.997165,127.0.0.1,admin,FAILED
2026-01-21 10:40:22.105552,127.0.0.1,admin,FAILED
2026-01-21 10:40:22.216479,127.0.0.1,admin,FAILED
2026-01-21 10:40:22.322925,127.0.0.1,admin,FAILED
2026-01-21 10:40:22.438651,127.0.0.1,admin,FAILED
2026-01-21 10:40:22.562118,127.0.0.1,admin,FAILED
2026-01-21 10:40:22.710962,127.0.0.1,admin,FAILED
2026-01-21 10:40:22.823790,127.0.0.1,admin,FAILED
2026-01-21 10:40:22.929279,127.0.0.1,admin,FAILED
2026-01-21 10:40:23.049111,127.0.0.1,admin,FAILED
2026-01-21 10:40:23.157293,127.0.0.1,admin,FAILED
2026-01-21 10:40:23.272160,127.0.0.1,admin,FAILED
2026-01-21 10:40:23.376239,127.0.0.1,admin,FAILED
2026-01-21 10:40:23.480803,127.0.0.1,admin,FAILED
2026-01-21 10:40:23.590195,127.0.0.1,admin,FAILED
2026-01-21 10:40:23.709770,127.0.0.1,admin,FAILED
2026-01-21 10:40:23.826527,127.0.0.1,admin,FAILED
2026-01-21 10:40:23.933020,127.0.0.1,admin,FAILED
2026-01-21 10:40:24.084645,127.0.0.1,admin,FAILED
2026-01-21 10:40:24.197673,127.0.0.1,admin,FAILED
2026-01-21 10:40:24.302983,127.0.0.1,admin,FAILED
2026-01-21 10:40:24.422736,127.0.0.1,admin,FAILED
2026-01-21 10:40:24.537053,127.0.0.1,admin,FAILED
2026-01-21 10:40:24.647848,127.0.0.1,admin,FAILED
2026-01-21 10:40:24.762147,127.0.0.1,admin,FAILED
2026-01-21 10:40:24.876019,127.0.0.1,admin,FAILED
2026-01-21 10:40:24.984291,127.0.0.1,admin,FAILED
2026-01-21 10:40:25.101649,127.0.0.1,admin,FAILED
2026-01-21 10:40:25.213243,127.0.0.1,admin,FAILED
2026-01-21 10:40:25.326804,127.0.0.1,admin,FAILED
2026-01-21 10:40:25.439181,127.0.0.1,admin,FAILED
2026-01-21 10:40:25.551110,127.0.0.1,admin,FAILED
2026-01-21 10:40:25.658025,127.0.0.1,admin,FAILED
2026-01-21 10:40:25.767403,127.0.0.1,admin,FAILED
2026-01-21 10:40:25.876567,127.0.0.1,admin,FAILED
2026-01-21 10:40:25.988171,127.0.0.1,admin,FAILED
2026-01-21 10:40:26.104207,127.0.0.1,admin,FAILED
2026-01-21 10:40:26.217148,127.0.0.1,admin,FAILED
2026-01-21 10:40:26.362878,127.0.0.1,admin,FAILED
2026-01-21 10:40:26.478154,127.0.0.1,admin,FAILED
2026-01-21 10:40:26.586930,127.0.0.1,admin,FAILED
2026-01-21 10:40:26.701086,127.0.0.1,admin,FAILED
2026-01-21 10:40:26.809354,127.0.0.1,admin,FAILED
2026-01-21 10:40:26.920048,127.0.0.1,admin,FAILED
2026-01-21 10:40:27.030325,127.0.0.1,admin,FAILED
2026-01-21 10:40:27.137186,127.0.0.1,admin,FAILED
2026-01-21 10:40:27.241078,127.0.0.1,admin,FAILED
2026-01-21 10:40:27.355156,127.0.0.1,admin,FAILED
2026-01-21 10:40:27.460896,127.0.0.1,admin,FAILED
2026-01-21 10:40:27.575192,127.0.0.1,admin,FAILED
2026-01-21 10:40:27.682377,127.0.0.1,admin,FAILED
2026-01-21 10:40:27.795396,127.0.0.1,admin,FAILED
2026-01-21 10:40:27.907440,127.0.0.1,admin,FAILED
2026-01-21 10:40:28.015520,127.0.0.1,admin,FAILED
2026-01-21 10:40:28.120361,127.0.0.1,admin,FAILED
2026-01-21 10:40:28.227268,127.0.0.1,admin,FAILED
2026-01-21 10:40:28.341231,127.0.0.1,admin,FAILED
2026-01-21 10:40:28.452221,127.0.0.1,admin,FAILED
2026-01-21 10:40:28.571062,127.0.0.1,admin,FAILED
2026-01-21 10:40:28.679920,127.0.0.1,admin,FAILED
2026-01-21 10:40:28.791378,127.0.0.1,admin,FAILED
2026-01-21 10:40:28.900521,127.0.0.1,admin,FAILED
2026-01-21 10:40:29.016259,127.0.0.1,admin,FAILED
2026-01-21 10:40:29.121555,127.0.0.1,admin,FAILED
2026-01-21 10:40:29.239445,127.0.0.1,admin,FAILED
2026-01-21 10:40:29.345343,127.0.0.1,admin,FAILED
2026-01-21 10:40:29.463624,127.0.0.1,admin,FAILED
2026-01-21 10:40:29.568642,127.0.0.1,admin,FAILED
2026-01-21 10:40:29.687426,127.0.0.1,admin,FAILED
2026-01-21 10:40:29.794932,127.0.0.1,admin,FAILED
2026-01-21 10:40:29.903583,127.0.0.1,admin,FAILED
2026-01-21 10:40:30.014298,127.0.0.1,admin,FAILED
2026-01-21 10:40:30.126153,127.0.0.1,admin,FAILED
2026-01-21 10:40:30.232832,127.0.0.1,admin,FAILED
2026-01-21 10:40:30.342429,127.0.0.1,admin,FAILED
2026-01-21 10:40:30.462796,127.0.0.1,admin,FAILED
2026-01-21 10:40:30.568977,127.0.0.1,admin,FAILED
2026-01-21 10:40:30.684617,127.0.0.1,admin,FAILED
2026-01-21 10:40:30.798341,127.0.0.1,admin,FAILED
2026-01-21 10:40:30.905251,127.0.0.1,admin,FAILED
2026-01-21 10:40:31.020264,127.0.0.1,admin,FAILED
2026-01-21 10:40:31.125665,127.0.0.1,admin,FAILED
2026-01-21 10:40:31.234549,127.0.0.1,admin,FAILED
2026-01-21 10:40:31.346986,127.0.0.1,admin,FAILED
2026-01-21 10:40:31.457095,127.0.0.1,admin,FAILED
2026-01-21 10:40:31.565258,127.0.0.1,admin,FAILED
2026-01-21 10:40:31.683486,127.0.0.1,admin,FAILED
2026-01-21 10:40:31.799393,127.0.0.1,admin,FAILED
2026-01-21 10:40:31.906671,127.0.0.1,admin,FAILED
2026-01-21 10:40:32.019350,127.0.0.1,admin,FAILED
2026-01-21 10:40:32.131150,127.0.0.1,admin,FAILED
2026-01-21 10:40:32.261069,127.0.0.1,admin,FAILED
2026-01-21 10:40:32.372788,127.0.0.1,admin,FAILED
2026-01-21 10:40:32.484299,127.0.0.1,admin,FAILED
2026-01-21 10:40:32.590022,127.0.0.1,admin,FAILED
2026-01-21 10:40:32.695771,127.0.0.1,admin,FAILED
2026-01-21 10:40:32.806678,127.0.0.1,admin,FAILED
2026-01-21 10:40:32.916402,127.0.0.1,admin,FAILED
2026-01-21 10:40:33.024965,127.0.0.1,admin,FAILED
2026-01-21 10:40:33.138628,127.0.0.1,admin,FAILED
2026-01-21 10:40:33.254842,127.0.0.1,admin,FAILED
2026-01-21 10:40:33.367709,127.0.0.1,admin,FAILED
2026-01-21 10:40:33.480181,127.0.0.1,admin,FAILED
2026-01-21 10:40:33.586485,127.0.0.1,admin,FAILED
2026-01-21 10:40:33.691325,127.0.0.1,admin,FAILED
2026-01-21 10:40:33.797343,127.0.0.1,admin,FAILED
2026-01-21 10:40:33.902389,127.0.0.1,admin,FAILED
2026-01-21 10:40:34.009278,127.0.0.1,admin,FAILED
2026-01-21 10:40:34.126263,127.0.0.1,admin,FAILED
2026-01-21 10:40:34.235314,127.0.0.1,admin,FAILED
2026-01-21 10:40:34.346705,127.0.0.1,admin,FAILED
2026-01-21 10:40:34.455698,127.0.0.1,admin,FAILED
2026-01-21 10:40:34.574741,127.0.0.1,admin,FAILED
2026-01-21 10:40:34.684281,127.0.0.1,admin,FAILED
2026-01-21 10:40:34.799107,127.0.0.1,admin,FAILED
2026-01-21 10:40:34.904801,127.0.0.1,admin,FAILED
2026-01-21 10:40:35.017292,127.0.0.1,admin,FAILED
2026-01-21 10:40:35.121647,127.0.0.1,admin,FAILED
2026-01-21 10:40:35.240709,127.0.0.1,admin,FAILED
2026-01-21 10:40:35.346433,127.0.0.1,admin,FAILED
2026-01-21 10:40:35.457860,127.0.0.1,admin,FAILED
2026-01-21 10:40:35.569362,127.0.0.1,admin,FAILED
2026-01-21 10:40:35.674287,127.0.0.1,admin,FAILED
2026-01-21 10:40:35.791563,127.0.0.1,admin,FAILED
2026-01-21 10:40:35.903543,127.0.0.1,admin,FAILED
2026-01-21 10:40:36.014141,127.0.0.1,admin,FAILED
2026-01-21 10:40:36.120131,127.0.0.1,admin,FAILED
2026-01-21 10:40:36.227643,127.0.0.1,admin,FAILED
2026-01-21 10:40:36.343671,127.0.0.1,admin,FAILED
2026-01-21 10:40:36.451235,127.0.0.1,admin,FAILED
2026-01-21 10:40:36.558495,127.0.0.1,admin,FAILED
2026-01-21 10:40:36.664955,127.0.0.1,admin,FAILED
2026-01-21 10:40:36.783793,127.0.0.1,admin,FAILED
2026-01-21 10:40:36.892663,127.0.0.1,admin,FAILED
2026-01-21 10:40:37.008310,127.0.0.1,admin,FAILED
2026-01-21 10:40:37.115661,127.0.0.1,admin,FAILED
2026-01-21 10:40:37.225481,127.0.0.1,admin,FAILED
2026-01-21 10:40:37.335397,127.0.0.1,admin,FAILED
2026-01-21 10:40:37.448494,127.0.0.1,admin,FAILED
2026-01-21 10:40:37.555961,127.0.0.1,admin,FAILED
2026-01-21 10:40:37.661181,127.0.0.1,admin,FAILED
2026-01-21 10:40:37.764300,127.0.0.1,admin,FAILED
2026-01-21 10:40:37.877208,127.0.0.1,admin,FAILED
2026-01-21 10:40:37.997770,127.0.0.1,admin,FAILED
2026-01-21 10:40:38.122251,127.0.0.1,admin,FAILED
2026-01-21 10:40:38.252485,127.0.0.1,admin,FAILED
2026-01-21 10:40:38.355819,127.0.0.1,admin,FAILED
2026-01-21 10:40:38.465326,127.0.0.1,admin,FAILED
2026-01-21 10:40:38.580291,127.0.0.1,admin,FAILED
2026-01-21 10:40:38.688750,127.0.0.1,admin,FAILED
2026-01-21 10:40:38.797995,127.0.0.1,admin,FAILED
2026-01-21 10:40:38.903759,127.0.0.1,admin,FAILED
2026-01-21 10:40:39.018201,127.0.0.1,admin,FAILED
2026-01-21 10:40:39.122078,127.0.0.1,admin,FAILED
2026-01-21 10:40:39.226678,127.0.0.1,admin,FAILED
2026-01-21 10:40:39.331205,127.0.0.1,admin,FAILED
2026-01-21 10:40:39.436992,127.0.0.1,admin,FAILED
2026-01-21 10:40:39.541546,127.0.0.1,admin,FAILED
2026-01-21 10:40:39.649725,127.0.0.1,admin,FAILED
2026-01-21 10:40:39.752680,127.0.0.1,admin,FAILED
2026-01-21 10:40:39.857734,127.0.0.1,admin,FAILED
2026-01-21 10:40:39.962026,127.0.0.1,admin,FAILED
2026-01-21 10:40:40.066322,127.0.0.1,admin,FAILED
2026-01-21 10:40:40.172613,127.0.0.1,admin,FAILED
2026-01-21 10:40:40.278660,127.0.0.1,admin,FAILED
2026-01-21 10:40:40.381782,127.0.0.1,admin,FAILED
2026-01-21 10:40:40.488611,127.0.0.1,admin,FAILED
2026-01-21 10:40:40.593265,127.0.0.1,admin,FAILED
2026-01-21 10:40:40.700067,127.0.0.1,admin,FAILED
2026-01-21 10:40:40.811227,127.0.0.1,admin,FAILED
2026-01-21 10:40:40.913929,127.0.0.1,admin,FAILED
2026-01-21 10:40:41.024126,127.0.0.1,admin,FAILED
2026-01-21 10:40:41.126261,127.0.0.1,admin,FAILED
2026-01-21 10:40:41.233582,127.0.0.1,admin,FAILED
2026-01-21 10:40:41.348821,127.0.0.1,admin,FAILED
2026-01-21 10:40:41.454233,127.0.0.1,admin,FAILED
2026-01-21 10:40:41.572744,127.0.0.1,admin,FAILED
2026-01-21 10:40:41.683864,127.0.0.1,admin,FAILED
2026-01-21 10:40:41.792805,127.0.0.1,admin,FAILED
2026-01-21 10:40:41.905979,127.0.0.1,admin,FAILED
2026-01-21 10:40:42.014470,127.0.0.1,admin,FAILED
2026-01-21 10:40:42.125983,127.0.0.1,admin,FAILED
2026-01-21 10:40:42.242900,127.0.0.1,admin,FAILED
2026-01-21 10:40:42.363121,127.0.0.1,admin,FAILED
2026-01-21 10:40:42.481680,127.0.0.1,admin,FAILED
2026-01-21 10:40:42.587441,127.0.0.1,admin,FAILED
2026-01-21 10:40:42.698779,127.0.0.1,admin,FAILED
2026-01-21 10:40:42.814986,127.0.0.1,admin,FAILED
2026-01-21 10:40:42.923342,127.0.0.1,admin,FAILED
2026-01-21 10:40:43.031542,127.0.0.1,admin,FAILED
2026-01-21 10:40:43.144467,127.0.0.1,admin,FAILED
2026-01-21 10:40:43.268063,127.0.0.1,admin,FAILED
2026-01-21 10:40:43.374430,127.0.0.1,admin,FAILED
2026-01-21 10:40:43.483213,127.0.0.1,admin,FAILED
2026-01-21 10:40:43.589522,127.0.0.1,admin,FAILED
2026-01-21 10:40:43.701802,127.0.0.1,admin,FAILED
2026-01-21 10:40:43.806715,127.0.0.1,admin,FAILED
2026-01-21 10:40:43.920672,127.0.0.1,admin,FAILED
2026-01-21 10:40:44.023972,127.0.0.1,admin,FAILED
2026-01-21 10:40:44.130691,127.0.0.1,admin,FAILED
2026-01-21 10:40:44.240259,127.0.0.1,admin,FAILED
2026-01-21 10:40:44.350468,127.0.0.1,admin,FAILED
2026-01-21 10:40:44.463985,127.0.0.1,admin,FAILED
2026-01-21 10:40:44.575783,127.0.0.1,admin,FAILED
2026-01-21 10:40:44.689636,127.0.0.1,admin,FAILED
2026-01-21 10:40:44.801665,127.0.0.1,admin,FAILED
2026-01-21 10:40:44.908946,127.0.0.1,admin,FAILED
2026-01-21 10:40:45.012049,127.0.0.1,admin,FAILED
2026-01-21 10:40:45.117169,127.0.0.1,admin,FAILED
2026-01-21 10:40:45.221982,127.0.0.1,admin,FAILED
2026-01-21 10:40:45.326658,127.0.0.1,admin,FAILED
2026-01-21 10:40:45.431879,127.0.0.1,admin,FAILED
2026-01-21 10:40:45.536618,127.0.0.1,admin,FAILED
2026-01-21 10:40:45.641050,127.0.0.1,admin,FAILED
2026-01-21 10:40:45.749109,127.0.0.1,admin,FAILED
2026-01-21 10:40:45.860674,127.0.0.1,admin,FAILED
2026-01-21 10:40:45.965446,127.0.0.1,admin,FAILED
2026-01-21 10:40:46.074858,127.0.0.1,admin,FAILED
2026-01-21 10:53:00.784395,127.0.0.1,admin,FAILED
2026-01-21 10:53:00.894188,127.0.0.1,admin,FAILED
2026-01-21 10:53:01.007069,127.0.0.1,admin,FAILED
2026-01-21 10:53:01.124584,127.0.0.1,admin,FAILED
2026-01-21 10:53:01.236431,127.0.0.1,admin,FAILED
2026-01-21 10:53:01.344313,127.0.0.1,admin,FAILED
2026-01-21 10:53:01.449021,127.0.0.1,admin,FAILED
2026-01-21 10:53:01.554371,127.0.0.1,admin,FAILED
2026-01-21 10:53:01.659080,127.0.0.1,admin,FAILED
2026-01-21 10:53:01.765025,127.0.0.1,admin,FAILED
2026-01-21 10:53:01.872318,127.0.0.1,admin,FAILED
2026-01-21 10:53:01.978816,127.0.0.1,admin,FAILED
2026-01-21 10:53:02.081903,127.0.0.1,admin,FAILED
2026-01-21 10:53:02.188623,127.0.0.1,admin,FAILED
2026-01-21 10:53:02.294465,127.0.0.1,admin,FAILED
2026-01-21 10:53:02.397471,127.0.0.1,admin,FAILED
2026-01-21 10:53:02.504056,127.0.0.1,admin,FAILED
2026-01-21 10:53:02.608884,127.0.0.1,admin,FAILED
2026-01-21 10:53:02.718890,127.0.0.1,admin,FAILED
2026-01-21 10:53:02.825057,127.0.0.1,admin,FAILED
2026-01-21 10:53:02.930012,127.0.0.1,admin,FAILED
2026-01-21 10:53:03.041732,127.0.0.1,admin,FAILED
2026-01-21 10:53:03.169658,127.0.0.1,admin,FAILED
2026-01-21 10:53:03.288363,127.0.0.1,admin,FAILED
2026-01-21 10:53:03.398953,127.0.0.1,admin,FAILED
2026-01-21 10:53:03.516700,127.0.0.1,admin,FAILED
2026-01-21 10:53:03.622566,127.0.0.1,admin,FAILED
2026-01-21 10:53:03.739502,127.0.0.1,admin,FAILED
2026-01-21 10:53:03.850300,127.0.0.1,admin,FAILED
2026-01-21 10:53:03.966823,127.0.0.1,admin,FAILED
2026-01-21 10:53:04.084900,127.0.0.1,admin,FAILED
2026-01-21 10:53:04.199104,127.0.0.1,admin,FAILED
2026-01-21 10:53:04.310538,127.0.0.1,admin,FAILED
2026-01-21 10:53:04.419026,127.0.0.1,admin,FAILED
2026-01-21 10:53:04.531554,127.0.0.1,admin,FAILED
2026-01-21 10:53:04.644224,127.0.0.1,admin,FAILED
2026-01-21 10:53:04.756377,127.0.0.1,admin,FAILED
2026-01-21 10:53:04.863805,127.0.0.1,admin,FAILED
2026-01-21 10:53:04.968679,127.0.0.1,admin,FAILED
2026-01-21 10:53:05.077758,127.0.0.1,admin,FAILED
2026-01-21 10:53:05.186150,127.0.0.1,admin,FAILED
2026-01-21 10:53:05.296193,127.0.0.1,admin,FAILED
2026-01-21 10:53:05.403176,127.0.0.1,admin,FAILED
2026-01-21 10:53:05.514311,127.0.0.1,admin,FAILED
2026-01-21 10:53:05.627304,127.0.0.1,admin,FAILED
2026-01-21 10:53:05.739891,127.0.0.1,admin,FAILED
2026-01-21 10:53:05.851577,127.0.0.1,admin,FAILED
2026-01-21 10:53:05.965457,127.0.0.1,admin,FAILED
2026-01-21 10:53:06.073364,127.0.0.1,admin,FAILED
2026-01-21 10:53:06.179285,127.0.0.1,admin,FAILED
2026-01-21 10:53:06.289513,127.0.0.1,admin,FAILED
2026-01-21 10:53:06.405584,127.0.0.1,admin,FAILED
2026-01-21 10:53:06.512949,127.0.0.1,admin,FAILED
2026-01-21 10:53:06.621868,127.0.0.1,admin,FAILED
2026-01-21 10:53:06.726067,127.0.0.1,admin,FAILED
2026-01-21 10:53:06.830524,127.0.0.1,admin,FAILED
2026-01-21 10:53:06.939941,127.0.0.1,admin,FAILED
2026-01-21 10:53:07.044958,127.0.0.1,admin,FAILED
2026-01-21 10:53:07.156740,127.0.0.1,admin,FAILED
2026-01-21 10:53:07.265642,127.0.0.1,admin,FAILED
2026-01-21 10:53:07.378107,127.0.0.1,admin,FAILED
2026-01-21 10:53:07.487473,127.0.0.1,admin,FAILED
2026-01-21 10:53:07.594810,127.0.0.1,admin,FAILED
2026-01-21 10:53:07.713689,127.0.0.1,admin,FAILED
2026-01-21 10:53:07.827269,127.0.0.1,admin,FAILED
2026-01-21 10:53:07.941685,127.0.0.1,admin,FAILED
2026-01-21 10:53:08.060859,127.0.0.1,admin,FAILED
2026-01-21 10:53:08.173473,127.0.0.1,admin,FAILED
2026-01-21 10:53:08.282771,127.0.0.1,admin,FAILED
2026-01-21 10:53:08.401193,127.0.0.1,admin,FAILED
2026-01-21 10:53:08.514307,127.0.0.1,admin,FAILED
2026-01-21 10:53:08.627864,127.0.0.1,admin,FAILED
2026-01-21 10:53:08.745913,127.0.0.1,admin,FAILED
2026-01-21 10:53:08.858875,127.0.0.1,admin,FAILED
2026-01-21 10:53:08.968789,127.0.0.1,admin,FAILED
2026-01-21 10:53:09.088080,127.0.0.1,admin,FAILED
2026-01-21 10:53:09.198722,127.0.0.1,admin,FAILED
2026-01-21 10:53:09.308855,127.0.0.1,admin,FAILED
2026-01-21 10:53:09.415694,127.0.0.1,admin,FAILED
2026-01-21 10:53:09.524854,127.0.0.1,admin,FAILED
2026-01-21 10:53:09.639587,127.0.0.1,admin,FAILED
2026-01-21 10:53:09.750819,127.0.0.1,admin,FAILED
2026-01-21 10:53:09.859149,127.0.0.1,admin,FAILED
2026-01-21 10:53:09.968779,127.0.0.1,admin,FAILED
2026-01-21 10:53:10.078483,127.0.0.1,admin,FAILED
2026-01-21 10:53:10.192042,127.0.0.1,admin,FAILED
2026-01-21 10:53:10.301062,127.0.0.1,admin,FAILED
2026-01-21 10:53:10.413467,127.0.0.1,admin,FAILED
2026-01-21 10:53:10.533845,127.0.0.1,admin,FAILED
2026-01-21 10:53:10.642879,127.0.0.1,admin,FAILED
2026-01-21 10:53:10.761360,127.0.0.1,admin,FAILED
2026-01-21 10:53:10.874310,127.0.0.1,admin,FAILED
2026-01-21 10:53:10.984150,127.0.0.1,admin,FAILED
2026-01-21 10:53:11.093691,127.0.0.1,admin,FAILED
2026-01-21 10:53:11.241231,127.0.0.1,admin,FAILED
2026-01-21 10:53:11.354112,127.0.0.1,admin,FAILED
2026-01-21 10:53:11.474864,127.0.0.1,admin,FAILED
2026-01-21 10:53:11.606904,127.0.0.1,admin,FAILED
2026-01-21 10:53:11.718077,127.0.0.1,admin,FAILED
2026-01-21 10:53:11.831942,127.0.0.1,admin,FAILED
2026-01-21 10:53:11.939985,127.0.0.1,admin,FAILED
2026-01-21 10:53:12.045401,127.0.0.1,admin,FAILED
2026-01-21 10:53:12.148883,127.0.0.1,admin,FAILED
2026-01-21 10:53:12.269113,127.0.0.1,admin,FAILED
2026-01-21 10:53:12.384892,127.0.0.1,admin,FAILED
2026-01-21 10:53:12.496122,127.0.0.1,admin,FAILED
2026-01-21 10:53:12.599641,127.0.0.1,admin,FAILED
2026-01-21 10:53:12.704947,127.0.0.1,admin,FAILED
2026-01-21 10:53:12.816917,127.0.0.1,admin,FAILED
2026-01-21 10:53:12.967939,127.0.0.1,admin,FAILED
2026-01-21 10:53:13.073455,127.0.0.1,admin,FAILED
2026-01-21 10:53:13.183006,127.0.0.1,admin,FAILED
2026-01-21 10:53:13.310732,127.0.0.1,admin,FAILED
2026-01-21 10:53:13.420148,127.0.0.1,admin,FAILED
2026-01-21 10:53:13.535926,127.0.0.1,admin,FAILED
2026-01-21 10:53:13.647102,127.0.0.1,admin,FAILED
2026-01-21 10:53:13.765295,127.0.0.1,admin,FAILED
2026-01-21 10:53:13.879469,127.0.0.1,admin,FAILED
2026-01-21 10:53:13.985334,127.0.0.1,admin,FAILED
2026-01-21 10:53:14.096034,127.0.0.1,admin,FAILED
2026-01-21 10:53:14.211080,127.0.0.1,admin,FAILED
2026-01-21 10:53:14.334190,127.0.0.1,admin,FAILED
2026-01-21 10:53:14.440520,127.0.0.1,admin,FAILED
2026-01-21 10:53:14.552432,127.0.0.1,admin,FAILED
2026-01-21 10:53:14.663710,127.0.0.1,admin,FAILED
2026-01-21 10:53:14.782144,127.0.0.1,admin,FAILED
2026-01-21 10:53:14.896172,127.0.0.1,admin,FAILED
2026-01-21 10:53:15.006222,127.0.0.1,admin,FAILED
2026-01-21 10:53:15.114594,127.0.0.1,admin,FAILED
2026-01-21 10:53:15.229450,127.0.0.1,admin,FAILED
2026-01-21 10:53:15.341746,127.0.0.1,admin,FAILED
2026-01-21 10:53:15.447816,127.0.0.1,admin,FAILED
2026-01-21 10:53:15.552821,127.0.0.1,admin,FAILED
2026-01-21 10:53:15.672388,127.0.0.1,admin,FAILED
2026-01-21 10:53:15.789676,127.0.0.1,admin,FAILED
2026-01-21 10:53:15.905473,127.0.0.1,admin,FAILED
2026-01-21 10:53:16.011532,127.0.0.1,admin,FAILED
2026-01-21 10:53:16.121431,127.0.0.1,admin,FAILED
2026-01-21 10:53:16.235310,127.0.0.1,admin,FAILED
2026-01-21 10:53:16.349086,127.0.0.1,admin,FAILED
2026-01-21 10:53:16.460123,127.0.0.1,admin,FAILED
2026-01-21 10:53:16.569498,127.0.0.1,admin,FAILED
2026-01-21 10:53:16.685607,127.0.0.1,admin,FAILED
2026-01-21 10:53:16.795365,127.0.0.1,admin,FAILED
2026-01-21 10:53:16.915895,127.0.0.1,admin,FAILED
2026-01-21 10:53:17.025765,127.0.0.1,admin,FAILED
2026-01-21 10:53:17.135847,127.0.0.1,admin,FAILED
2026-01-21 10:53:17.248154,127.0.0.1,admin,FAILED
2026-01-21 10:53:17.363760,127.0.0.1,admin,FAILED
2026-01-21 10:53:17.470980,127.0.0.1,admin,FAILED
2026-01-21 10:53:17.580189,127.0.0.1,admin,FAILED
2026-01-21 10:53:17.691116,127.0.0.1,admin,FAILED
2026-01-21 10:53:17.809571,127.0.0.1,admin,FAILED
2026-01-21 10:53:17.921828,127.0.0.1,admin,FAILED
2026-01-21 10:53:18.038866,127.0.0.1,admin,FAILED
2026-01-21 10:53:18.148508,127.0.0.1,admin,FAILED
2026-01-21 10:53:18.258591,127.0.0.1,admin,FAILED
2026-01-21 10:53:18.378789,127.0.0.1,admin,FAILED
2026-01-21 10:53:18.494288,127.0.0.1,admin,FAILED
2026-01-21 10:53:18.600757,127.0.0.1,admin,FAILED
2026-01-21 10:53:18.719332,127.0.0.1,admin,FAILED
2026-01-21 10:53:18.830142,127.0.0.1,admin,FAILED
2026-01-21 10:53:18.945151,127.0.0.1,admin,FAILED
2026-01-21 10:53:19.058320,127.0.0.1,admin,FAILED
2026-01-21 10:53:19.171080,127.0.0.1,admin,FAILED
2026-01-21 10:53:19.287249,127.0.0.1,admin,FAILED
2026-01-21 10:53:19.398316,127.0.0.1,admin,FAILED
2026-01-21 10:53:19.506690,127.0.0.1,admin,FAILED
2026-01-21 10:53:19.611951,127.0.0.1,admin,FAILED
2026-01-21 10:53:19.724095,127.0.0.1,admin,FAILED
2026-01-21 10:53:19.842672,127.0.0.1,admin,FAILED
2026-01-21 10:53:19.958860,127.0.0.1,admin,FAILED
2026-01-21 10:53:20.067292,127.0.0.1,admin,FAILED
2026-01-21 10:53:20.177151,127.0.0.1,admin,FAILED
2026-01-21 10:53:20.292951,127.0.0.1,admin,FAILED
2026-01-21 10:53:20.406650,127.0.0.1,admin,FAILED
2026-01-21 10:53:20.516131,127.0.0.1,admin,FAILED
2026-01-21 10:53:20.623331,127.0.0.1,admin,FAILED
2026-01-21 10:53:20.725920,127.0.0.1,admin,FAILED
2026-01-21 10:53:20.830985,127.0.0.1,admin,FAILED
2026-01-21 10:53:20.935786,127.0.0.1,admin,FAILED
2026-01-21 10:53:21.041142,127.0.0.1,admin,FAILED
2026-01-21 10:53:21.148120,127.0.0.1,admin,FAILED
2026-01-21 10:53:21.253508,127.0.0.1,admin,FAILED
2026-01-21 10:53:21.357530,127.0.0.1,admin,FAILED
2026-01-21 10:53:21.469686,127.0.0.1,admin,FAILED
2026-01-21 10:53:21.578865,127.0.0.1,admin,FAILED
2026-01-21 10:53:21.689967,127.0.0.1,admin,FAILED
2026-01-21 10:53:21.808604,127.0.0.1,admin,FAILED
2026-01-21 10:53:21.914119,127.0.0.1,admin,FAILED
2026-01-21 10:53:22.025527,127.0.0.1,admin,FAILED
2026-01-21 10:53:22.134575,127.0.0.1,admin,FAILED
2026-01-21 10:53:22.252410,127.0.0.1,admin,FAILED
2026-01-21 10:53:22.363560,127.0.0.1,admin,FAILED
2026-01-21 10:53:22.512440,127.0.0.1,admin,FAILED
2026-01-21 10:53:22.615362,127.0.0.1,admin,FAILED
2026-01-21 10:53:22.720520,127.0.0.1,admin,FAILED
2026-01-21 10:53:22.829246,127.0.0.1,admin,FAILED
2026-01-21 10:53:22.939989,127.0.0.1,admin,FAILED
2026-01-21 10:53:23.052425,127.0.0.1,admin,FAILED
2026-01-21 10:53:23.163213,127.0.0.1,admin,FAILED
2026-01-21 10:53:23.269559,127.0.0.1,admin,FAILED
2026-01-21 10:53:23.381914,127.0.0.1,admin,FAILED
2026-01-21 10:53:23.493821,127.0.0.1,admin,FAILED
2026-01-21 10:53:23.600008,127.0.0.1,admin,FAILED
2026-01-21 10:53:23.710650,127.0.0.1,admin,FAILED
2026-01-21 10:53:23.816141,127.0.0.1,admin,FAILED
2026-01-21 10:53:23.926741,127.0.0.1,admin,FAILED
2026-01-21 10:53:24.038617,127.0.0.1,admin,FAILED
2026-01-21 10:53:24.149017,127.0.0.1,admin,FAILED
2026-01-21 10:53:24.266334,127.0.0.1,admin,FAILED
2026-01-21 10:53:24.373566,127.0.0.1,admin,FAILED
2026-01-21 10:53:24.476926,127.0.0.1,admin,FAILED
2026-01-21 10:53:24.588212,127.0.0.1,admin,FAILED
2026-01-21 10:53:24.705322,127.0.0.1,admin,FAILED
2026-01-21 10:53:24.817448,127.0.0.1,admin,FAILED
2026-01-21 10:53:24.920836,127.0.0.1,admin,FAILED
2026-01-21 10:53:25.026402,127.0.0.1,admin,FAILED
2026-01-21 10:53:25.148202,127.0.0.1,admin,FAILED
2026-01-21 10:53:25.253794,127.0.0.1,admin,FAILED
2026-01-21 10:53:25.371104,127.0.0.1,admin,FAILED
2026-01-21 10:53:25.481261,127.0.0.1,admin,FAILED
2026-01-21 10:53:25.592258,127.0.0.1,admin,FAILED
2026-01-21 10:53:25.705821,127.0.0.1,admin,FAILED
2026-01-21 10:53:25.818358,127.0.0.1,admin,FAILED
2026-01-21 10:53:25.932862,127.0.0.1,admin,FAILED
2026-01-21 10:53:26.041965,127.0.0.1,admin,FAILED
2026-01-21 10:53:26.185648,127.0.0.1,admin,FAILED
2026-01-21 10:53:26.294222,127.0.0.1,admin,FAILED
2026-01-21 10:53:26.408382,127.0.0.1,admin,FAILED
2026-01-21 10:53:26.523463,127.0.0.1,admin,FAILED
2026-01-21 10:53:26.636206,127.0.0.1,admin,FAILED
2026-01-21 10:53:26.749982,127.0.0.1,admin,FAILED
2026-01-21 10:53:26.867576,127.0.0.1,admin,FAILED
2026-01-21 10:53:26.984485,127.0.0.1,admin,FAILED
2026-01-21 10:53:27.096406,127.0.0.1,admin,FAILED
2026-01-21 10:53:27.204742,127.0.0.1,admin,FAILED
2026-01-21 10:53:27.320196,127.0.0.1,admin,FAILED
2026-01-21 10:53:27.433876,127.0.0.1,admin,FAILED
2026-01-21 10:53:27.542330,127.0.0.1,admin,FAILED
2026-01-21 10:53:27.655089,127.0.0.1,admin,FAILED
2026-01-21 10:53:27.767166,127.0.0.1,admin,FAILED
2026-01-21 10:53:27.879681,127.0.0.1,admin,FAILED
2026-01-21 10:53:27.987820,127.0.0.1,admin,FAILED
2026-01-21 10:53:28.092462,127.0.0.1,admin,FAILED
2026-01-21 10:53:28.197053,127.0.0.1,admin,FAILED
2026-01-21 10:53:28.314543,127.0.0.1,admin,FAILED
2026-01-21 10:53:28.422550,127.0.0.1,admin,FAILED
2026-01-21 10:53:28.527504,127.0.0.1,admin,FAILED
2026-01-21 10:53:28.636164,127.0.0.1,admin,FAILED
2026-01-21 10:53:28.751637,127.0.0.1,admin,FAILED
2026-01-21 10:53:28.863304,127.0.0.1,admin,FAILED
2026-01-21 10:53:28.974192,127.0.0.1,admin,FAILED
2026-01-21 10:53:29.079024,127.0.0.1,admin,FAILED
2026-01-21 10:53:29.184339,127.0.0.1,admin,FAILED
2026-01-21 10:53:29.334026,127.0.0.1,admin,FAILED
2026-01-21 10:53:29.442558,127.0.0.1,admin,FAILED
2026-01-21 10:53:29.552050,127.0.0.1,admin,FAILED
2026-01-21 10:53:29.659513,127.0.0.1,admin,FAILED
2026-01-21 10:53:29.772711,127.0.0.1,admin,FAILED
2026-01-21 10:53:29.893315,127.0.0.1,admin,FAILED
2026-01-21 10:53:30.002841,127.0.0.1,admin,FAILED
2026-01-21 10:53:30.108645,127.0.0.1,admin,FAILED
2026-01-21 10:53:30.213776,127.0.0.1,admin,FAILED
2026-01-21 10:53:30.322327,127.0.0.1,admin,FAILED
2026-01-21 10:53:30.426791,127.0.0.1,admin,FAILED
2026-01-21 10:53:30.532427,127.0.0.1,admin,FAILED
2026-01-21 10:53:30.641178,127.0.0.1,admin,FAILED
2026-01-21 10:53:30.755540,127.0.0.1,admin,FAILED
2026-01-21 10:53:30.868819,127.0.0.1,admin,FAILED
2026-01-21 10:53:30.982046,127.0.0.1,admin,FAILED
2026-01-21 10:53:31.088014,127.0.0.1,admin,FAILED
2026-01-21 10:53:31.196384,127.0.0.1,admin,FAILED
2026-01-21 10:53:31.302320,127.0.0.1,admin,FAILED
2026-01-21 10:53:31.411730,127.0.0.1,admin,FAILED
2026-01-21 10:53:31.519334,127.0.0.1,admin,FAILED
2026-01-21 10:53:31.627599,127.0.0.1,admin,FAILED
2026-01-21 10:53:31.738439,127.0.0.1,admin,FAILED
2026-01-21 10:53:31.850255,127.0.0.1,admin,FAILED
2026-01-21 10:53:31.965207,127.0.0.1,admin,FAILED
2026-01-21 10:53:32.073241,127.0.0.1,admin,FAILED
2026-01-21 10:53:32.184119,127.0.0.1,admin,FAILED
2026-01-21 10:53:32.298035,127.0.0.1,admin,FAILED
2026-01-21 10:53:32.407833,127.0.0.1,admin,FAILED
2026-01-21 10:53:32.522436,127.0.0.1,admin,FAILED
2026-01-21 10:53:32.628075,127.0.0.1,admin,FAILED
2026-01-21 10:53:32.734261,127.0.0.1,admin,FAILED
2026-01-21 10:53:32.841707,127.0.0.1,admin,FAILED
2026-01-21 10:53:32.956113,127.0.0.1,admin,FAILED
2026-01-21 10:53:33.066471,127.0.0.1,admin,FAILED
2026-01-21 10:53:33.176601,127.0.0.1,admin,FAILED
2026-01-21 10:53:33.282896,127.0.0.1,admin,FAILED
2026-01-21 10:53:33.421179,127.0.0.1,admin,FAILED
2026-01-21 10:53:33.524284,127.0.0.1,admin,FAILED
2026-01-21 10:53:33.641764,127.0.0.1,admin,FAILED
2026-01-21 10:53:33.752285,127.0.0.1,admin,FAILED
2026-01-21 10:53:33.870160,127.0.0.1,admin,FAILED
2026-01-21 10:53:33.977303,127.0.0.1,admin,FAILED
2026-01-21 10:53:34.080522,127.0.0.1,admin,FAILED
2026-01-21 10:53:34.196760,127.0.0.1,admin,FAILED
2026-01-21 10:53:34.310741,127.0.0.1,admin,FAILED
2026-01-21 10:53:34.420401,127.0.0.1,admin,FAILED
2026-01-21 10:53:34.523971,127.0.0.1,admin,FAILED
2026-01-21 10:53:34.634104,127.0.0.1,admin,FAILED
2026-01-21 10:53:34.789717,127.0.0.1,admin,FAILED
2026-01-21 10:53:34.904952,127.0.0.1,admin,FAILED
2026-01-21 10:53:35.014487,127.0.0.1,admin,FAILED
2026-01-21 10:53:35.125650,127.0.0.1,admin,FAILED
2026-01-21 10:53:35.238410,127.0.0.1,admin,FAILED
2026-01-21 10:53:35.349698,127.0.0.1,admin,FAILED
2026-01-21 10:53:35.464546,127.0.0.1,admin,FAILED
2026-01-21 10:53:35.573346,127.0.0.1,admin,FAILED
2026-01-21 10:53:35.678114,127.0.0.1,admin,FAILED
2026-01-21 10:53:35.785474,127.0.0.1,admin,FAILED
2026-01-21 10:53:35.888071,127.0.0.1,admin,FAILED
2026-01-21 10:53:35.995516,127.0.0.1,admin,FAILED
2026-01-21 10:53:36.100668,127.0.0.1,admin,FAILED
2026-01-21 10:53:36.202761,127.0.0.1,admin,FAILED
2026-01-21 10:53:36.307678,127.0.0.1,admin,FAILED
2026-01-21 10:53:36.419286,127.0.0.1,admin,FAILED
2026-01-21 10:53:36.531788,127.0.0.1,admin,FAILED
2026-01-21 10:53:36.639780,127.0.0.1,admin,FAILED
2026-01-21 10:53:36.748569,127.0.0.1,admin,FAILED
2026-01-21 10:53:36.861610,127.0.0.1,admin,FAILED
2026-01-21 10:53:36.974372,127.0.0.1,admin,FAILED
2026-01-21 10:53:37.085339,127.0.0.1,admin,FAILED
2026-01-21 10:53:37.193484,127.0.0.1,admin,FAILED
2026-01-21 10:53:37.309465,127.0.0.1,admin,FAILED
2026-01-21 10:53:37.423509,127.0.0.1,admin,FAILED
2026-01-21 10:53:37.534043,127.0.0.1,admin,FAILED
2026-01-21 10:53:37.646029,127.0.0.1,admin,FAILED
2026-01-21 10:53:37.754393,127.0.0.1,admin,FAILED
2026-01-21 10:53:37.866960,127.0.0.1,admin,FAILED
2026-01-21 10:53:37.979084,127.0.0.1,admin,FAILED
2026-01-21 10:53:38.088084,127.0.0.1,admin,FAILED
2026-01-21 10:53:38.198345,127.0.0.1,admin,FAILED
2026-01-21 10:53:38.314859,127.0.0.1,admin,FAILED
2026-01-21 10:53:38.427406,127.0.0.1,admin,FAILED
2026-01-21 10:53:38.534494,127.0.0.1,admin,FAILED
2026-01-21 10:53:38.644093,127.0.0.1,admin,FAILED
2026-01-21 10:53:38.758884,127.0.0.1,admin,FAILED
2026-01-21 10:53:38.870046,127.0.0.1,admin,FAILED
2026-01-21 10:53:38.976093,127.0.0.1,admin,FAILED
2026-01-21 10:53:39.086466,127.0.0.1,admin,FAILED
2026-01-21 10:53:39.199731,127.0.0.1,admin,FAILED
2026-01-21 10:53:39.309252,127.0.0.1,admin,FAILED
2026-01-21 10:53:39.421432,127.0.0.1,admin,FAILED
2026-01-21 10:53:39.525329,127.0.0.1,admin,FAILED
2026-01-21 10:53:39.642536,127.0.0.1,admin,FAILED
2026-01-21 10:53:39.758920,127.0.0.1,admin,FAILED
2026-01-21 10:53:39.870292,127.0.0.1,admin,FAILED
2026-01-21 10:53:39.984281,127.0.0.1,admin,FAILED
2026-01-21 10:53:40.096695,127.0.0.1,admin,FAILED
2026-01-21 10:53:40.238142,127.0.0.1,admin,FAILED
2026-01-21 10:53:40.349703,127.0.0.1,admin,FAILED
2026-01-21 10:53:40.462447,127.0.0.1,admin,FAILED
2026-01-21 10:53:40.572126,127.0.0.1,admin,FAILED
2026-01-21 10:53:40.681871,127.0.0.1,admin,FAILED
2026-01-21 10:53:40.797081,127.0.0.1,admin,FAILED
2026-01-21 10:53:40.906229,127.0.0.1,admin,FAILED
2026-01-21 10:53:41.012837,127.0.0.1,admin,FAILED
2026-01-21 10:53:41.117341,127.0.0.1,admin,FAILED
2026-01-21 10:53:41.231355,127.0.0.1,admin,FAILED
2026-01-21 10:53:41.344580,127.0.0.1,admin,FAILED
2026-01-21 10:53:41.457852,127.0.0.1,admin,FAILED
2026-01-21 10:53:41.597994,127.0.0.1,admin,FAILED
2026-01-21 10:53:41.710181,127.0.0.1,admin,FAILED
2026-01-21 10:53:41.824842,127.0.0.1,admin,FAILED
2026-01-21 10:53:41.937034,127.0.0.1,admin,FAILED
2026-01-21 10:53:42.043581,127.0.0.1,admin,FAILED
2026-01-21 10:53:42.148510,127.0.0.1,admin,FAILED
2026-01-21 10:53:42.255394,127.0.0.1,admin,FAILED
2026-01-21 10:53:42.374705,127.0.0.1,admin,FAILED
2026-01-21 10:53:42.487991,127.0.0.1,admin,FAILED
2026-01-21 10:53:42.598325,127.0.0.1,admin,FAILED
2026-01-21 10:53:42.710024,127.0.0.1,admin,FAILED
2026-01-21 10:53:42.823749,127.0.0.1,admin,FAILED
2026-01-21 10:53:42.930466,127.0.0.1,admin,FAILED
2026-01-21 10:53:43.073259,127.0.0.1,admin,FAILED
2026-01-21 10:53:43.178896,127.0.0.1,admin,FAILED
2026-01-21 10:53:43.293392,127.0.0.1,admin,FAILED
2026-01-21 10:53:43.402407,127.0.0.1,admin,FAILED
2026-01-21 10:53:43.511475,127.0.0.1,admin,FAILED
2026-01-21 10:53:43.617931,127.0.0.1,admin,FAILED
2026-01-21 10:53:43.728663,127.0.0.1,admin,FAILED
2026-01-21 10:53:43.837556,127.0.0.1,admin,FAILED
2026-01-21 10:53:43.946795,127.0.0.1,admin,FAILED
2026-01-21 10:53:44.051839,127.0.0.1,admin,FAILED
2026-01-21 10:53:44.169803,127.0.0.1,admin,FAILED
2026-01-21 10:53:44.274701,127.0.0.1,admin,FAILED
2026-01-21 10:53:44.381211,127.0.0.1,admin,FAILED
2026-01-21 10:53:44.488091,127.0.0.1,admin,FAILED
2026-01-21 10:53:44.600801,127.0.0.1,admin,FAILED
2026-01-21 10:53:44.717147,127.0.0.1,admin,FAILED
2026-01-21 10:53:44.831408,127.0.0.1,admin,FAILED
2026-01-21 10:53:44.939252,127.0.0.1,admin,FAILED
2026-01-21 10:53:45.047659,127.0.0.1,admin,FAILED
2026-01-21 10:53:45.156679,127.0.0.1,admin,FAILED
2026-01-21 10:53:45.272707,127.0.0.1,admin,FAILED
2026-01-21 10:53:45.382992,127.0.0.1,admin,FAILED
2026-01-21 10:53:45.500467,127.0.0.1,admin,FAILED
2026-01-21 10:53:45.608856,127.0.0.1,admin,FAILED
2026-01-21 10:53:45.715233,127.0.0.1,admin,FAILED
2026-01-21 10:53:45.829334,127.0.0.1,admin,FAILED
2026-01-21 10:53:45.943427,127.0.0.1,admin,FAILED
2026-01-21 10:53:46.056718,127.0.0.1,admin,FAILED
2026-01-21 10:53:46.169936,127.0.0.1,admin,FAILED
2026-01-21 10:53:46.279570,127.0.0.1,admin,FAILED
2026-01-21 10:53:46.392941,127.0.0.1,admin,FAILED
2026-01-21 10:53:46.506390,127.0.0.1,admin,FAILED
2026-01-21 10:53:46.620129,127.0.0.1,admin,FAILED
2026-01-21 10:53:46.734116,127.0.0.1,admin,FAILED
2026-01-21 10:53:46.842787,127.0.0.1,admin,FAILED
2026-01-21 10:53:46.962255,127.0.0.1,admin,FAILED
2026-01-21 10:53:47.068217,127.0.0.1,admin,FAILED
2026-01-21 10:53:47.179163,127.0.0.1,admin,FAILED
2026-01-21 10:53:47.289769,127.0.0.1,admin,FAILED
2026-01-21 10:53:47.407313,127.0.0.1,admin,FAILED
2026-01-21 10:53:47.519559,127.0.0.1,admin,FAILED
2026-01-21 10:53:47.635951,127.0.0.1,admin,FAILED
2026-01-21 10:53:47.742226,127.0.0.1,admin,FAILED
2026-01-21 10:53:47.852868,127.0.0.1,admin,FAILED
2026-01-21 10:53:47.972763,127.0.0.1,admin,FAILED
2026-01-21 10:53:48.082220,127.0.0.1,admin,FAILED
2026-01-21 10:53:48.193662,127.0.0.1,admin,FAILED
2026-01-21 10:53:48.307558,127.0.0.1,admin,FAILED
2026-01-21 10:53:48.420280,127.0.0.1,admin,FAILED
2026-01-21 10:53:48.530144,127.0.0.1,admin,FAILED
2026-01-21 10:53:48.634871,127.0.0.1,admin,FAILED
2026-01-21 10:53:48.738759,127.0.0.1,admin,FAILED
2026-01-21 10:53:48.853693,127.0.0.1,admin,FAILED
2026-01-21 10:53:48.961674,127.0.0.1,admin,FAILED
2026-01-21 10:53:49.069369,127.0.0.1,admin,FAILED
2026-01-21 10:53:49.175094,127.0.0.1,admin,FAILED
2026-01-21 10:53:49.285462,127.0.0.1,admin,FAILED
2026-01-21 10:53:49.392128,127.0.0.1,admin,FAILED
2026-01-21 10:53:49.502198,127.0.0.1,admin,FAILED
2026-01-21 10:53:49.614668,127.0.0.1,admin,FAILED
2026-01-21 10:53:49.720045,127.0.0.1,admin,FAILED
2026-01-21 10:53:49.840817,127.0.0.1,admin,FAILED
2026-01-21 10:53:49.957585,127.0.0.1,admin,FAILED
2026-01-21 10:53:50.066059,127.0.0.1,admin,FAILED
2026-01-21 10:53:50.175418,127.0.0.1,admin,FAILED
2026-01-21 10:53:50.283773,127.0.0.1,admin,FAILED
2026-01-21 10:53:50.394385,127.0.0.1,admin,FAILED
2026-01-21 10:53:50.499177,127.0.0.1,admin,FAILED
2026-01-21 10:53:50.607535,127.0.0.1,admin,FAILED
2026-01-21 10:53:50.724030,127.0.0.1,admin,FAILED
2026-01-21 10:53:50.837080,127.0.0.1,admin,FAILED
2026-01-21 10:53:50.941921,127.0.0.1,admin,FAILED
2026-01-21 10:53:51.054633,127.0.0.1,admin,FAILED
2026-01-21 10:53:51.162339,127.0.0.1,admin,FAILED
2026-01-21 10:53:51.279281,127.0.0.1,admin,FAILED
2026-01-21 10:53:51.397384,127.0.0.1,admin,FAILED
2026-01-21 10:53:51.523652,127.0.0.1,admin,FAILED
2026-01-21 10:53:51.636931,127.0.0.1,admin,FAILED
2026-01-21 10:53:51.741115,127.0.0.1,admin,FAILED
2026-01-21 10:53:51.855880,127.0.0.1,admin,FAILED
2026-01-21 10:53:51.968776,127.0.0.1,admin,FAILED
2026-01-21 10:53:52.077649,127.0.0.1,admin,FAILED
2026-01-21 10:53:52.187915,127.0.0.1,admin,FAILED
2026-01-21 10:53:52.295673,127.0.0.1,admin,FAILED
2026-01-21 10:53:52.406007,127.0.0.1,admin,FAILED
2026-01-21 10:53:52.518207,127.0.0.1,admin,FAILED
2026-01-21 10:53:52.621263,127.0.0.1,admin,FAILED
2026-01-21 10:53:52.727662,127.0.0.1,admin,FAILED
2026-01-21 10:53:52.833716,127.0.0.1,admin,FAILED
2026-01-21 10:53:52.939027,127.0.0.1,admin,FAILED
2026-01-21 10:53:53.046380,127.0.0.1,admin,FAILED
2026-01-21 10:53:53.148444,127.0.0.1,admin,FAILED
2026-01-21 10:53:53.254024,127.0.0.1,admin,FAILED
2026-01-21 10:53:53.359448,127.0.0.1,admin,FAILED
2026-01-21 10:53:53.469967,127.0.0.1,admin,FAILED
2026-01-21 10:53:53.578204,127.0.0.1,admin,FAILED
2026-01-21 10:53:53.686615,127.0.0.1,admin,FAILED
2026-01-21 10:53:53.791426,127.0.0.1,admin,FAILED
2026-01-21 10:53:53.910153,127.0.0.1,admin,FAILED
2026-01-21 10:53:54.017497,127.0.0.1,admin,FAILED
2026-01-21 10:53:54.123443,127.0.0.1,admin,FAILED
2026-01-21 10:53:54.242455,127.0.0.1,admin,FAILED
2026-01-21 10:53:54.348727,127.0.0.1,admin,FAILED
2026-01-21 10:53:54.453943,127.0.0.1,admin,FAILED
2026-01-21 10:53:54.565810,127.0.0.1,admin,FAILED
2026-01-21 10:53:54.678338,127.0.0.1,admin,FAILED
2026-01-21 10:53:54.790013,127.0.0.1,admin,FAILED
2026-01-21 10:53:54.905911,127.0.0.1,admin,FAILED
2026-01-21 10:53:55.016681,127.0.0.1,admin,FAILED
2026-01-21 10:53:55.122782,127.0.0.1,admin,FAILED
2026-01-21 10:53:55.234381,127.0.0.1,admin,FAILED
2026-01-21 10:53:55.342526,127.0.0.1,admin,FAILED
2026-01-21 10:53:55.458596,127.0.0.1,admin,FAILED
2026-01-21 10:53:55.567741,127.0.0.1,admin,FAILED
2026-01-21 10:53:55.673082,127.0.0.1,admin,FAILED
2026-01-21 10:53:55.794803,127.0.0.1,admin,FAILED
2026-01-21 10:53:55.904230,127.0.0.1,admin,FAILED
2026-01-21 10:53:56.008428,127.0.0.1,admin,FAILED
2026-01-21 10:53:56.115636,127.0.0.1,admin,FAILED
2026-01-21 10:53:56.218411,127.0.0.1,admin,FAILED
2026-01-21 10:53:56.338191,127.0.0.1,admin,FAILED
2026-01-21 10:53:56.452940,127.0.0.1,admin,FAILED
2026-01-21 10:53:56.562699,127.0.0.1,admin,FAILED
2026-01-21 10:53:56.675030,127.0.0.1,admin,FAILED
2026-01-21 10:53:56.781107,127.0.0.1,admin,FAILED
2026-01-21 10:53:56.895848,127.0.0.1,admin,FAILED
2026-01-21 10:53:57.002860,127.0.0.1,admin,FAILED
2026-01-21 10:53:57.109897,127.0.0.1,admin,FAILED
2026-01-21 10:53:57.221885,127.0.0.1,admin,FAILED
2026-01-21 10:53:57.329035,127.0.0.1,admin,FAILED
2026-01-21 10:53:57.441663,127.0.0.1,admin,FAILED
2026-01-21 10:53:57.547413,127.0.0.1,admin,FAILED
2026-01-21 10:53:57.654206,127.0.0.1,admin,FAILED
2026-01-21 10:53:57.762142,127.0.0.1,admin,FAILED
2026-01-21 10:53:57.876242,127.0.0.1,admin,FAILED
2026-01-21 10:53:57.987396,127.0.0.1,admin,FAILED
2026-01-21 10:53:58.100797,127.0.0.1,admin,FAILED
2026-01-21 10:53:58.209886,127.0.0.1,admin,FAILED
2026-01-21 10:53:58.319398,127.0.0.1,admin,FAILED
2026-01-21 10:53:58.433757,127.0.0.1,admin,FAILED
2026-01-21 10:53:58.539963,127.0.0.1,admin,FAILED
2026-01-21 10:53:58.661700,127.0.0.1,admin,FAILED
2026-01-21 10:53:58.772286,127.0.0.1,admin,FAILED
2026-01-21 10:53:58.884674,127.0.0.1,admin,FAILED
2026-01-21 10:53:58.989501,127.0.0.1,admin,FAILED
2026-01-21 10:53:59.096591,127.0.0.1,admin,FAILED
2026-01-21 10:53:59.206134,127.0.0.1,admin,FAILED
2026-01-21 10:53:59.318916,127.0.0.1,admin,FAILED
2026-01-21 10:53:59.430226,127.0.0.1,admin,FAILED
2026-01-21 10:53:59.540578,127.0.0.1,admin,FAILED
2026-01-21 10:53:59.650747,127.0.0.1,admin,FAILED
2026-01-21 10:53:59.756356,127.0.0.1,admin,FAILED
2026-01-21 10:53:59.873579,127.0.0.1,admin,FAILED
2026-01-21 10:53:59.987831,127.0.0.1,admin,FAILED
2026-01-21 10:54:00.098859,127.0.0.1,admin,FAILED
2026-01-21 10:54:00.208935,127.0.0.1,admin,FAILED
2026-01-21 10:54:00.322328,127.0.0.1,admin,FAILED
2026-01-21 10:54:00.435607,127.0.0.1,admin,FAILED
2026-01-21 10:54:00.542287,127.0.0.1,admin,FAILED
2026-01-21 10:54:00.650879,127.0.0.1,admin,FAILED
2026-01-21 10:54:00.753421,127.0.0.1,admin,FAILED
2026-01-21 10:54:00.860297,127.0.0.1,admin,FAILED
2026-01-21 10:54:00.963464,127.0.0.1,admin,FAILED
2026-01-21 10:54:01.070765,127.0.0.1,admin,FAILED
2026-01-21 10:54:01.175219,127.0.0.1,admin,FAILED
2026-01-21 10:54:01.287257,127.0.0.1,admin,FAILED
2026-01-21 10:54:01.406124,127.0.0.1,admin,FAILED
2026-01-21 10:54:01.512544,127.0.0.1,admin,FAILED
2026-01-21 10:54:01.624946,127.0.0.1,admin,FAILED
2026-01-21 10:54:01.730379,127.0.0.1,admin,FAILED
2026-01-21 10:54:01.849579,127.0.0.1,admin,FAILED
2026-01-21 10:54:01.959685,127.0.0.1,admin,FAILED
2026-01-21 10:54:02.071161,127.0.0.1,admin,FAILED
2026-01-21 10:54:02.173853,127.0.0.1,admin,FAILED
2026-01-21 10:54:02.287686,127.0.0.1,admin,FAILED
2026-01-21 10:54:02.393288,127.0.0.1,admin,FAILED
2026-01-21 10:54:02.508324,127.0.0.1,admin,FAILED
2026-01-21 10:54:02.612364,127.0.0.1,admin,FAILED
2026-01-21 10:54:02.715574,127.0.0.1,admin,FAILED
2026-01-21 10:54:02.825028,127.0.0.1,admin,FAILED
2026-01-21 10:54:02.933588,127.0.0.1,admin,FAILED
2026-01-21 10:54:03.052702,127.0.0.1,admin,FAILED
2026-01-21 10:54:03.161080,127.0.0.1,admin,FAILED
2026-01-21 10:54:03.274709,127.0.0.1,admin,FAILED
2026-01-21 10:54:03.386037,127.0.0.1,admin,FAILED
2026-01-21 10:54:03.505683,127.0.0.1,admin,FAILED
2026-01-21 10:54:03.614668,127.0.0.1,admin,FAILED
2026-01-21 10:54:03.724587,127.0.0.1,admin,FAILED
2026-01-21 10:54:03.837958,127.0.0.1,admin,FAILED
2026-01-21 10:54:03.943873,127.0.0.1,admin,FAILED
2026-01-21 10:54:04.061507,127.0.0.1,admin,FAILED
2026-01-21 10:54:04.179856,127.0.0.1,admin,FAILED
2026-01-21 10:54:04.293064,127.0.0.1,admin,FAILED
2026-01-21 10:54:04.406527,127.0.0.1,admin,FAILED
2026-01-21 10:54:04.519129,127.0.0.1,admin,FAILED
2026-01-21 10:54:04.635306,127.0.0.1,admin,FAILED
2026-01-21 10:54:04.751546,127.0.0.1,admin,FAILED
2026-01-21 10:54:04.864455,127.0.0.1,admin,FAILED
2026-01-21 10:54:04.980424,127.0.0.1,admin,FAILED
2026-01-21 10:54:05.088387,127.0.0.1,admin,FAILED
2026-01-21 10:54:05.191934,127.0.0.1,admin,FAILED
2026-01-21 10:54:05.299295,127.0.0.1,admin,FAILED
2026-01-21 10:54:05.416079,127.0.0.1,admin,FAILED
2026-01-21 10:54:05.530794,127.0.0.1,admin,FAILED
2026-01-21 10:54:05.636756,127.0.0.1,admin,FAILED
2026-01-21 10:54:05.746969,127.0.0.1,admin,FAILED
2026-01-21 10:54:05.853808,127.0.0.1,admin,FAILED
2026-01-21 10:54:05.966218,127.0.0.1,admin,FAILED
2026-01-21 10:54:06.079331,127.0.0.1,admin,FAILED
2026-01-21 10:54:06.185046,127.0.0.1,admin,FAILED
2026-01-21 10:54:06.304487,127.0.0.1,admin,FAILED
2026-01-21 10:54:06.411466,127.0.0.1,admin,FAILED
2026-01-21 10:54:06.517053,127.0.0.1,admin,FAILED
2026-01-21 10:54:06.622801,127.0.0.1,admin,FAILED
2026-01-21 10:54:06.727891,127.0.0.1,admin,FAILED
2026-01-21 10:54:06.835846,127.0.0.1,admin,FAILED
2026-01-21 10:54:06.946006,127.0.0.1,admin,FAILED
2026-01-21 10:54:07.060059,127.0.0.1,admin,FAILED
2026-01-21 10:54:07.170548,127.0.0.1,admin,FAILED
2026-01-21 10:54:07.297247,127.0.0.1,admin,FAILED
2026-01-21 10:54:07.410785,127.0.0.1,admin,FAILED
2026-01-21 10:54:07.524515,127.0.0.1,admin,FAILED
2026-01-21 10:54:07.630850,127.0.0.1,admin,FAILED
2026-01-21 10:54:07.738198,127.0.0.1,admin,FAILED
2026-01-21 10:54:07.849834,127.0.0.1,admin,FAILED
2026-01-21 10:54:07.961685,127.0.0.1,admin,FAILED
2026-01-21 10:54:08.074113,127.0.0.1,admin,FAILED
2026-01-21 10:54:08.179419,127.0.0.1,admin,FAILED
2026-01-21 10:54:08.286666,127.0.0.1,admin,FAILED
2026-01-21 10:54:08.405143,127.0.0.1,admin,FAILED
2026-01-21 10:54:08.517243,127.0.0.1,admin,FAILED
2026-01-21 10:54:08.622889,127.0.0.1,admin,FAILED
2026-01-21 10:54:08.727670,127.0.0.1,admin,FAILED
2026-01-21 10:54:08.834330,127.0.0.1,admin,FAILED
2026-01-21 10:54:08.939879,127.0.0.1,admin,FAILED
2026-01-21 10:54:09.056864,127.0.0.1,admin,FAILED
2026-01-21 10:54:09.164014,127.0.0.1,admin,FAILED
2026-01-21 10:54:09.272463,127.0.0.1,admin,FAILED
2026-01-21 10:54:09.388034,127.0.0.1,admin,FAILED
2026-01-21 10:54:09.495996,127.0.0.1,admin,FAILED
2026-01-21 10:54:09.599621,127.0.0.1,admin,FAILED
2026-01-21 10:54:09.712110,127.0.0.1,admin,FAILED
2026-01-21 10:54:09.823399,127.0.0.1,admin,FAILED
2026-01-21 10:54:09.933046,127.0.0.1,admin,FAILED
2026-01-21 10:54:10.044054,127.0.0.1,admin,FAILED
2026-01-21 10:54:10.150030,127.0.0.1,admin,FAILED
2026-01-21 10:54:10.262063,127.0.0.1,admin,FAILED
2026-01-21 10:54:10.378381,127.0.0.1,admin,FAILED
2026-01-21 10:54:10.487258,127.0.0.1,admin,FAILED
2026-01-21 10:54:10.592436,127.0.0.1,admin,FAILED
2026-01-21 10:54:10.711578,127.0.0.1,admin,FAILED
2026-01-21 10:54:10.825702,127.0.0.1,admin,FAILED
2026-01-21 10:54:10.938596,127.0.0.1,admin,FAILED
2026-01-21 10:54:11.044223,127.0.0.1,admin,FAILED
2026-01-21 10:54:11.155599,127.0.0.1,admin,FAILED
2026-01-21 10:54:11.268338,127.0.0.1,admin,FAILED
2026-01-21 10:54:11.377545,127.0.0.1,admin,FAILED
2026-01-21 10:54:11.494764,127.0.0.1,admin,FAILED
2026-01-21 10:54:11.617690,127.0.0.1,admin,FAILED
2026-01-21 10:54:11.726017,127.0.0.1,admin,FAILED
2026-01-21 10:54:11.839550,127.0.0.1,admin,FAILED
2026-01-21 10:54:11.952761,127.0.0.1,admin,FAILED
2026-01-21 10:54:12.061865,127.0.0.1,admin,FAILED
2026-01-21 10:54:12.171697,127.0.0.1,admin,FAILED
2026-01-21 10:54:12.288981,127.0.0.1,admin,FAILED
2026-01-21 10:54:12.396354,127.0.0.1,admin,FAILED
2026-01-21 10:54:12.511578,127.0.0.1,admin,FAILED
2026-01-21 10:54:12.617962,127.0.0.1,admin,FAILED
2026-01-21 10:54:12.722752,127.0.0.1,admin,FAILED
2026-01-21 10:54:12.825909,127.0.0.1,admin,FAILED
2026-01-21 10:54:12.974748,127.0.0.1,admin,FAILED
2026-01-21 10:54:13.078603,127.0.0.1,admin,FAILED
2026-01-21 10:54:13.184619,127.0.0.1,admin,FAILED
2026-01-21 10:54:13.299282,127.0.0.1,admin,FAILED
2026-01-21 10:54:13.410571,127.0.0.1,admin,FAILED
2026-01-21 10:54:13.519222,127.0.0.1,admin,FAILED
2026-01-21 10:54:13.628830,127.0.0.1,admin,FAILED
2026-01-21 10:54:13.731716,127.0.0.1,admin,FAILED
2026-01-21 10:54:13.842506,127.0.0.1,admin,FAILED
2026-01-21 10:54:13.959145,127.0.0.1,admin,FAILED
2026-01-21 10:54:14.074043,127.0.0.1,admin,FAILED
2026-01-21 10:54:14.182003,127.0.0.1,admin,FAILED
2026-01-21 10:54:14.290840,127.0.0.1,admin,FAILED
2026-01-21 10:54:14.404328,127.0.0.1,admin,FAILED
2026-01-21 10:54:14.510244,127.0.0.1,admin,FAILED
2026-01-21 10:54:14.622636,127.0.0.1,admin,FAILED
2026-01-21 10:54:14.728433,127.0.0.1,admin,FAILED
2026-01-21 10:54:14.848393,127.0.0.1,admin,FAILED
